<?xml version = '1.0' encoding = 'UTF-8'?>
<Relation class="oracle.dbtools.crest.model.design.logical.Relation" name="Pode ter" directorySegmentName="seg_0" id="2C915334-D124-ABE6-1B47-9BF30B489AF3">
<createdBy>luan.galli</createdBy>
<createdTime>2025-05-05 23:54:02 UTC</createdTime>
<ownerDesignName>PEDIDOS</ownerDesignName>
<engineerTo>
<item key="DD4B337F-9D23-C015-F120-21ACF83D0C5C" value="true"/>
</engineerTo>
<identifying>false</identifying>
<optionalSource>true</optionalSource>
<optionalTarget>false</optionalTarget>
<sourceCardinality>*</sourceCardinality>
<sourceEntity>0639F932-42D6-8B77-F3FA-DC4FAD4054A5</sourceEntity>
<targetCardinalityString>*</targetCardinalityString>
<targetEntity>B4B7EE3C-D3D0-4875-D77E-41F228F7180F</targetEntity>
<transferable>true</transferable>
<deleteRule>NO ACTION</deleteRule>
</Relation>