<?xml version = '1.0' encoding = 'UTF-8'?>
<Relation class="oracle.dbtools.crest.model.design.logical.Relation" name="Tem" directorySegmentName="seg_0" id="2DFEF12C-EAA7-281D-4771-82EECBD2385C">
<createdBy>luan.galli</createdBy>
<createdTime>2025-05-05 23:54:31 UTC</createdTime>
<ownerDesignName>PEDIDOS</ownerDesignName>
<engineerTo>
<item key="DD4B337F-9D23-C015-F120-21ACF83D0C5C" value="true"/>
</engineerTo>
<sourcePk>BC4D85BF-9990-0C36-46F1-164C5ECCC707</sourcePk>
<identifying>false</identifying>
<optionalSource>true</optionalSource>
<optionalTarget>false</optionalTarget>
<sourceCardinality>1</sourceCardinality>
<sourceEntity>0639F932-42D6-8B77-F3FA-DC4FAD4054A5</sourceEntity>
<targetCardinalityString>1</targetCardinalityString>
<targetEntity>1BEAA6C9-7AF1-A9ED-326C-61DA87D36FCD</targetEntity>
<transferable>true</transferable>
<deleteRule>NO ACTION</deleteRule>
</Relation>