<?xml version = '1.0' encoding = 'UTF-8'?>
<Relation class="oracle.dbtools.crest.model.design.logical.Relation" name="Relation_4" directorySegmentName="seg_0" id="6B3D8C46-5D7B-4E70-DAF3-FD864F1FF2D5">
<createdBy>luan.galli</createdBy>
<createdTime>2025-05-05 23:55:16 UTC</createdTime>
<ownerDesignName>PEDIDOS</ownerDesignName>
<engineerTo>
<item key="DD4B337F-9D23-C015-F120-21ACF83D0C5C" value="true"/>
</engineerTo>
<sourcePk>417857F4-7E1A-76F6-209B-B35788B21776</sourcePk>
<identifying>false</identifying>
<optionalSource>false</optionalSource>
<optionalTarget>true</optionalTarget>
<sourceCardinality>1</sourceCardinality>
<sourceEntity>4EF5328B-BBC3-610A-93CE-CB59FAFA1744</sourceEntity>
<targetCardinalityString>*</targetCardinalityString>
<targetEntity>0639F932-42D6-8B77-F3FA-DC4FAD4054A5</targetEntity>
<transferable>true</transferable>
<deleteRule>NO ACTION</deleteRule>
</Relation>