<?xml version = '1.0' encoding = 'UTF-8'?>
<Entity class="oracle.dbtools.crest.model.design.logical.Entity" directorySegmentName="seg_0" id="4EF5328B-BBC3-610A-93CE-CB59FAFA1744" name="vendedor">
<createdBy>luan.galli</createdBy>
<createdTime>2025-05-05 23:12:13 UTC</createdTime>
<ownerDesignName>PEDIDOS</ownerDesignName>
<engineerTo>
<item key="DD4B337F-9D23-C015-F120-21ACF83D0C5C" value="true"/>
</engineerTo>
<adequatelyNormalized>NO</adequatelyNormalized>
<expectedVolumes>0</expectedVolumes>
<fwdEngineeringStrategyName>Single Table</fwdEngineeringStrategyName>
<growthPercent>0</growthPercent>
<growthType>Year</growthType>
<maxVolumes>9999999</maxVolumes>
<minVolumes>0</minVolumes>
<normalForm>Third</normalForm>
<attributes itemClass="oracle.dbtools.crest.model.design.logical.Attribute">
<Attribute name="nome" id="37BBB611-9F57-09BD-2EAA-116E4A76C951">
<createdBy>luan.galli</createdBy>
<createdTime>2025-05-05 23:15:32 UTC</createdTime>
<ownerDesignName>PEDIDOS</ownerDesignName>
<engineerTo>
<item key="DD4B337F-9D23-C015-F120-21ACF83D0C5C" value="true"/>
</engineerTo>
<useDomainConstraints>false</useDomainConstraints>
<use>1</use>
<logicalDatatype>LOGDT024</logicalDatatype>
<dataTypeSize>60</dataTypeSize>
<ownDataTypeParameters>60,,</ownDataTypeParameters>
</Attribute>
<Attribute name="matricula" id="9D2F95DD-62B3-530D-492B-6D4BED2A6303">
<createdBy>luan.galli</createdBy>
<createdTime>2025-05-05 23:15:55 UTC</createdTime>
<ownerDesignName>PEDIDOS</ownerDesignName>
<engineerTo>
<item key="DD4B337F-9D23-C015-F120-21ACF83D0C5C" value="true"/>
</engineerTo>
<useDomainConstraints>false</useDomainConstraints>
<use>1</use>
<logicalDatatype>LOGDT024</logicalDatatype>
<dataTypeSize>20</dataTypeSize>
<ownDataTypeParameters>20,,</ownDataTypeParameters>
</Attribute>
</attributes>
<identifiers itemClass="oracle.dbtools.crest.model.design.logical.CandidateKey">
<identifier id="417857F4-7E1A-76F6-209B-B35788B21776" name="vendedor PK">
<createdBy>luan.galli</createdBy>
<createdTime>2025-05-05 23:45:18 UTC</createdTime>
<ownerDesignName>PEDIDOS</ownerDesignName>
<engineerTo>
<item key="DD4B337F-9D23-C015-F120-21ACF83D0C5C" value="true"/>
</engineerTo>
<pk>true</pk>
<usedAttributes>
<attributeRef>9D2F95DD-62B3-530D-492B-6D4BED2A6303</attributeRef>
</usedAttributes>
</identifier>
</identifiers>
</Entity>