<?xml version = '1.0' encoding = 'UTF-8'?>
<Entity class="oracle.dbtools.crest.model.design.logical.Entity" directorySegmentName="seg_0" id="B4B7EE3C-D3D0-4875-D77E-41F228F7180F" name="produto">
<createdBy>luan.galli</createdBy>
<createdTime>2025-05-05 23:26:34 UTC</createdTime>
<ownerDesignName>PEDIDOS</ownerDesignName>
<engineerTo>
<item key="DD4B337F-9D23-C015-F120-21ACF83D0C5C" value="true"/>
</engineerTo>
<adequatelyNormalized>NO</adequatelyNormalized>
<expectedVolumes>0</expectedVolumes>
<fwdEngineeringStrategyName>Single Table</fwdEngineeringStrategyName>
<growthPercent>0</growthPercent>
<growthType>Year</growthType>
<maxVolumes>9999999</maxVolumes>
<minVolumes>0</minVolumes>
<normalForm>Third</normalForm>
<attributes itemClass="oracle.dbtools.crest.model.design.logical.Attribute">
<Attribute name="codProduto" id="649C840B-41B8-FC6B-5364-3DB6D68198C7">
<createdBy>luan.galli</createdBy>
<createdTime>2025-05-05 23:26:45 UTC</createdTime>
<ownerDesignName>PEDIDOS</ownerDesignName>
<engineerTo>
<item key="DD4B337F-9D23-C015-F120-21ACF83D0C5C" value="true"/>
</engineerTo>
<useDomainConstraints>false</useDomainConstraints>
<use>1</use>
<logicalDatatype>LOGDT024</logicalDatatype>
<dataTypeSize>60</dataTypeSize>
<ownDataTypeParameters>60,,</ownDataTypeParameters>
</Attribute>
<Attribute name="descriçãoProduto" id="466F4328-EFD3-6A9D-0A43-B8ADEDC1CBF7">
<createdBy>luan.galli</createdBy>
<createdTime>2025-05-05 23:28:46 UTC</createdTime>
<ownerDesignName>PEDIDOS</ownerDesignName>
<engineerTo>
<item key="DD4B337F-9D23-C015-F120-21ACF83D0C5C" value="true"/>
</engineerTo>
<useDomainConstraints>false</useDomainConstraints>
<use>1</use>
<logicalDatatype>LOGDT024</logicalDatatype>
<dataTypeSize>60</dataTypeSize>
<ownDataTypeParameters>60,,</ownDataTypeParameters>
</Attribute>
<Attribute name="quantidadePedida" id="5F31A886-8B1C-D94C-1CFC-B311E9104ADA">
<createdBy>luan.galli</createdBy>
<createdTime>2025-05-05 23:29:10 UTC</createdTime>
<ownerDesignName>PEDIDOS</ownerDesignName>
<engineerTo>
<item key="DD4B337F-9D23-C015-F120-21ACF83D0C5C" value="true"/>
</engineerTo>
<useDomainConstraints>false</useDomainConstraints>
<use>1</use>
<logicalDatatype>LOGDT019</logicalDatatype>
<ownDataTypeParameters>,,</ownDataTypeParameters>
</Attribute>
<Attribute name="precoUnitario" id="0AEB951C-E4DD-1F70-F6A1-27254B5316A8">
<createdBy>luan.galli</createdBy>
<createdTime>2025-05-05 23:30:58 UTC</createdTime>
<ownerDesignName>PEDIDOS</ownerDesignName>
<engineerTo>
<item key="DD4B337F-9D23-C015-F120-21ACF83D0C5C" value="true"/>
</engineerTo>
<useDomainConstraints>false</useDomainConstraints>
<use>1</use>
<logicalDatatype>LOGDT024</logicalDatatype>
<dataTypeSize>10000000000000000</dataTypeSize>
<ownDataTypeParameters>10000000000000000,,</ownDataTypeParameters>
</Attribute>
</attributes>
<identifiers itemClass="oracle.dbtools.crest.model.design.logical.CandidateKey">
<identifier id="2C753B09-8DEF-FE39-42B6-F888DCE573A0" name="itensPedido PK">
<createdBy>luan.galli</createdBy>
<createdTime>2025-05-05 23:47:15 UTC</createdTime>
<ownerDesignName>PEDIDOS</ownerDesignName>
<engineerTo>
<item key="DD4B337F-9D23-C015-F120-21ACF83D0C5C" value="true"/>
</engineerTo>
<pk>true</pk>
<usedAttributes>
<attributeRef>649C840B-41B8-FC6B-5364-3DB6D68198C7</attributeRef>
</usedAttributes>
</identifier>
</identifiers>
</Entity>