<?xml version = '1.0' encoding = 'UTF-8'?>
<relationalModel class="oracle.dbtools.crest.model.design.relational.RelationalDesign" name="Relational_1" id="DD4B337F-9D23-C015-F120-21ACF83D0C5C" mainViewID="1A521833-6743-6AC4-A73A-E9112F1D7324">
<createdBy>luan.galli</createdBy>
<createdTime>2025-05-05 23:09:40 UTC</createdTime>
<ownerDesignName>PEDIDOS</ownerDesignName>
<shouldBeOpen>false</shouldBeOpen>
<selectedRDBMSSite>32076570-2523-435C-2E92-BF29817DFF70</selectedRDBMSSite>
</relationalModel>