<?xml version = '1.0' encoding = 'UTF-8'?>
<FKIndexAssociation class="oracle.dbtools.crest.model.design.relational.FKIndexAssociation" directorySegmentName="seg_0" id="5B943F40-B82D-2BD8-09D6-FC3EA927077D" containerWithKeyObject="4A3718C7-9E7D-8E6D-46E9-787567C18ABA" localFKIndex="86DB82DC-D852-3D3A-6A0C-DF81763DF2C0" name="Relation_4">
<createdBy>luan.galli</createdBy>
<createdTime>2025-05-05 23:58:06 UTC</createdTime>
<generatorID>6B3D8C46-5D7B-4E70-DAF3-FD864F1FF2D5</generatorID>
<ownerDesignName>PEDIDOS</ownerDesignName>
<referredTableLongName>vendedor</referredTableLongName>
<deleteRule>NO ACTION</deleteRule>
<referredTableID>37A37630-8AF7-9A78-1201-845D9FC07E9A</referredTableID>
<keyObject>39F5AE1F-E3BF-C5B8-A7C9-EBD4BA6077E0</keyObject>
<referredKeyID>39F5AE1F-E3BF-C5B8-A7C9-EBD4BA6077E0</referredKeyID>
<mandatory>false</mandatory>
<refColNames>matricula</refColNames>
<transferable>true</transferable>
<rely>false</rely>
<columnDependencyConstraintGenerateInDDL>true</columnDependencyConstraintGenerateInDDL>
</FKIndexAssociation>